old_stem,new_stem
normal_2026_04_10_14_44_18,lte_commercial_45005_2026_04_10_14_44_18
normal_2026_04_10_16_30_01,lte_commercial_45005_2026_04_10_16_30_01
normal_2026_04_13_14_34_31,lte_commercial_45005_2026_04_13_14_34_31
normal_2026_04_13_15_22_40,lte_commercial_45005_2026_04_13_15_22_40
normal_2026_04_13_15_26_14,3g_commercial_45005_2026_04_13_15_26_14
normal_2026_04_14_10_56_52,lte_commercial_45005_2026_04_14_10_56_52
normal_2026_04_14_13_27_04,lte_commercial_45005_2026_04_14_13_27_04
normal_2026_04_14_13_41_27,lte_commercial_45005_2026_04_14_13_41_27
normal_2026_04_14_13_54_11,lte_commercial_45005_2026_04_14_13_54_11
normal_2026_04_14_14_10_56,lte_commercial_45005_2026_04_14_14_10_56
normal_2026_04_14_14_35_51,lte_commercial_45005_2026_04_14_14_35_51
normal_2026_04_14_15_06_29,lte_commercial_45005_2026_04_14_15_06_29
normal_2026_04_14_15_35_52,lte_commercial_45005_2026_04_14_15_35_52
normal_2026_04_14_16_02_08,lte_commercial_45005_2026_04_14_16_02_08
normal_2026_04_15_14_15_17,3g_commercial_45005_2026_04_15_14_15_17
normal_2026_04_15_14_16_57,lte_commercial_45005_2026_04_15_14_16_57
normal_2026_04_15_14_17_31,3g_commercial_45005_2026_04_15_14_17_31
normal_2026_04_15_14_24_27,lte_commercial_45005_2026_04_15_14_24_27
normal_2026_04_15_14_54_29,3g_commercial_45005_2026_04_15_14_54_29
normal_2026_04_15_15_13_05,lte_commercial_45005_2026_04_15_15_13_05
normal_2026_04_15_15_39_25,3g_commercial_45005_2026_04_15_15_39_25
normal_2026_04_15_15_42_36,lte_commercial_45005_2026_04_15_15_42_36
normal_2026_04_15_15_43_26,lte_commercial_45005_2026_04_15_15_43_26
normal_2026_04_15_16_16_44,3g_commercial_45005_2026_04_15_16_16_44
normal_2026_04_15_16_40_41,lte_commercial_45005_2026_04_15_16_40_41
normal_2026_04_15_17_03_56,lte_commercial_45005_2026_04_15_17_03_56
normal_2026_04_15_17_04_50,lte_commercial_45005_2026_04_15_17_04_50
normal_2026_04_15_17_06_38,lte_commercial_45005_2026_04_15_17_06_38
normal_2026_04_15_17_39_37,lte_commercial_45005_2026_04_15_17_39_37
normal_2026_04_15_17_40_16,lte_commercial_45005_2026_04_15_17_40_16
normal_2026_04_16_10_57_05,lte_commercial_45005_2026_04_16_10_57_05
normal_2026_04_16_10_57_43,lte_commercial_45005_2026_04_16_10_57_43
normal_2026_04_16_12_51_27,lte_commercial_45005_2026_04_16_12_51_27
normal_2026_04_16_13_38_02,lte_commercial_45005_2026_04_16_13_38_02
normal_2026_04_16_13_54_42,lte_commercial_45005_2026_04_16_13_54_42
normal_2026_04_16_14_45_33,lte_commercial_45005_2026_04_16_14_45_33
normal_2026_04_16_17_22_52,lte_commercial_45005_2026_04_16_17_22_52
normal_2026_04_16_17_28_17,lte_commercial_45005_2026_04_16_17_28_17
normal_2026_04_17_02_38_53,lte_commercial_45005_2026_04_17_02_38_53
normal_2026_04_17_20_54_19,3g_commercial_45005_2026_04_17_20_54_19
normal_2026_04_18_03_19_54,lte_commercial_45005_2026_04_18_03_19_54
normal_2026_04_18_04_02_08,lte_commercial_45005_2026_04_18_04_02_08
normal_2026_04_18_04_06_14,lte_commercial_45005_2026_04_18_04_06_14
normal_2026_04_18_04_15_54,lte_commercial_45005_2026_04_18_04_15_54
normal_2026_04_18_04_17_50,lte_commercial_45005_2026_04_18_04_17_50
normal_2026_04_18_04_34_07,lte_commercial_45005_2026_04_18_04_34_07
normal_2026_04_20_13_30_14,5g_commercial_45005_2026_04_20_13_30_14
normal_2026_04_20_14_35_18,5g_commercial_45005_2026_04_20_14_35_18
normal_2026_04_21_15_06_48,3g_commercial_45005_2026_04_21_15_06_48
normal_2026_04_21_15_07_44,3g_commercial_45005_2026_04_21_15_07_44
normal_2026_04_21_16_03_18,lte_commercial_45005_2026_04_21_16_03_18
normal_2026_04_21_17_47_29,5g_commercial_45005_2026_04_21_17_47_29
normal_2026_04_21_17_48_59,5g_commercial_45005_2026_04_21_17_48_59
normal_2026_04_21_17_59_47,lte_commercial_45005_2026_04_21_17_59_47
normal_2026_04_27_16_45_46,lte_commercial_45005_2026_04_27_16_45_46
normal_2026_04_27_16_46_12,5g_commercial_45005_2026_04_27_16_46_12
normal_2026_04_27_16_48_51,5g_commercial_45005_2026_04_27_16_48_51
normal_2026_04_27_16_56_50,lte_commercial_45005_2026_04_27_16_56_50
normal_2026_04_27_17_00_49,lte_commercial_45005_2026_04_27_17_00_49
normal_2026_04_27_17_01_29,lte_commercial_45005_2026_04_27_17_01_29
normal_2026_04_30_14_02_29,lte_commercial_45005_2026_04_30_14_02_29
normal_2026_04_30_14_03_33,5g_commercial_45005_2026_04_30_14_03_33
normal_2026_04_30_15_08_32,5g_commercial_45005_2026_04_30_15_08_32
normal_2026_05_06_17_13_54,lte_commercial_45005_2026_05_06_17_13_54
normal_2026_05_06_17_26_33,lte_commercial_45005_2026_05_06_17_26_33
normal_2026_05_14_14_31_43,5g_commercial_45005_2026_05_14_14_31_43
normal_2026_05_14_15_22_36,5g_commercial_45005_2026_05_14_15_22_36
normal_3_18_26_lte_10,lte_commercial_45005_2026_03_18_10
normal_3_18_26_lte_11,lte_commercial_45005_2026_03_18_11
normal_3_18_26_lte_12,lte_commercial_45005_2026_03_18_12
normal_3_18_26_lte_13,lte_commercial_45005_2026_03_18_13
normal_3_18_26_lte_14,lte_commercial_45005_2026_03_18_14
normal_3_18_26_lte_15,lte_commercial_45005_2026_03_18_15
normal_3_18_26_lte_16,lte_commercial_45005_2026_03_18_16
normal_3_18_26_lte_17,lte_commercial_45005_2026_03_18_17
normal_3_18_26_lte_18,lte_commercial_45005_2026_03_18_18
normal_3_18_26_lte_19,lte_commercial_45005_2026_03_18_19
normal_3_18_26_lte_2,lte_commercial_45005_2026_03_18_2
normal_3_18_26_lte_20,lte_commercial_45005_2026_03_18_20
normal_3_18_26_lte_21,lte_commercial_45005_2026_03_18_21
normal_3_18_26_lte_22,lte_commercial_45005_2026_03_18_22
normal_3_18_26_lte_24,lte_commercial_45005_2026_03_18_24
normal_3_18_26_lte_25,lte_commercial_45005_2026_03_18_25
normal_3_18_26_lte_26,lte_commercial_45005_2026_03_18_26
normal_3_18_26_lte_4,lte_commercial_45005_2026_03_18_4
normal_3_18_26_lte_5,lte_commercial_45005_2026_03_18_5
normal_3_18_26_lte_6,lte_commercial_45005_2026_03_18_6
normal_3_18_26_lte_7,lte_commercial_45005_2026_03_18_7
normal_3_18_26_lte_8,lte_commercial_45005_2026_03_18_8
normal_3_18_26_lte_9,lte_commercial_45005_2026_03_18_9
normal_5g_session_72,5g_test_00101_5gsession72
normal_data,lte_test_00101_data
normal_data10,lte_commercial_45005_data10
normal_data11,lte_commercial_45005_data11
normal_data12,lte_commercial_45005_data12
normal_data13,lte_commercial_45005_data13
normal_data2,lte_test_00101_data2
normal_data3,lte_test_00101_data3
normal_data4,lte_test_00101_data4
normal_data5,lte_test_00101_data5
normal_data6,lte_test_00101_data6
normal_data7,lte_test_00101_data7
normal_data8,lte_commercial_45005_data8
normal_data9,lte_commercial_45005_data9
normal_mixed1,5g_test_00101_mixed1
normal_mixed10,5g_test_00101_mixed10
normal_mixed11,5g_test_00101_mixed11
normal_mixed12,5g_test_00101_mixed12
normal_mixed13,5g_test_00101_mixed13
normal_mixed14,5g_test_00101_mixed14
normal_mixed15,5g_test_00101_mixed15
normal_mixed16,5g_test_00101_mixed16
normal_mixed17,5g_commercial_45008_mixed17
normal_mixed18,5g_test_00101_mixed18
normal_mixed2,5g_test_00101_mixed2
normal_mixed3,lte_commercial_45005_mixed3
normal_mixed4,lte_commercial_45005_mixed4
normal_mixed5,lte_commercial_45005_mixed5
normal_mixed6,5g_test_00101_mixed6
normal_mixed7,lte_commercial_45005_mixed7
normal_mixed8,lte_commercial_45005_mixed8
normal_mixed9,5g_test_00101_mixed9
normal_udp_streaming1,lte_commercial_45005_udpstreaming1
normal_udp_streaming2,5g_test_00101_udpstreaming2
normal_udp_streaming3,5g_test_00101_udpstreaming3
normal_udp_streaming4,5g_test_00101_udpstreaming4
normal_udp_streaming5,5g_test_00101_udpstreaming5
normal_udp_streaming6,5g_test_00101_udpstreaming6
normal_udp_streaming7,5g_test_00101_udpstreaming7
normal_voltecall1,5g_test_00101_voltecall1
normal_voltecall2,5g_test_00101_voltecall2
normal_voltecall3,5g_test_00101_voltecall3
normal_voltecall4,5g_test_00101_voltecall4
